nome,site
Eduardo Gomes,https://www.leiloeiroeduardo.com.br
Rossana Paiva Borges de Oliveira,https://www.caiapoleiloes.com.br
Antonio Carlos Volpi Santana,https://www.leiloesbrasilto.com.br
Victor Oliveira Dorta,https://www.victordortaleiloes.com.br
Tatiana Dinelly e Silva Bonato,https://www.rapidaovende.com.br
Cesar Augusto Bagatini,https://www.leiloesfederal.com.br
Sandro de Oliveira,https://www.norteleiloes.com.br
Alvaro Sergio Fuzo,https://www.alvaroleiloes.com.br
Fernanda Lima Mascarenhas,https://www.fernandalimaleiloes.com.br
Rudival Almeida Gomes Junior,https://www.rjleiloes.com.br
Murilo Goncalves Ramos,https://www.mgrleiloes.com.br
Tiago Tessler Blecher,https://www.webleiloes.com.br
Arnold Strass,https://www.savoyleiloes.com.br
Leonardo Coelho Avelar,https://www.arrematabem.com.br
Bruno Barreto Sanches,https://www.barretoleiloes.com.br
Nelci Dezan,https://www.leiloesmwd.com.br
Daniel Elias Garcia,https://www.danielgarcialeiloes.com.br
Alex Willian Hoppe,https://www.hoppeleiloes.com.br
Davi Borges de Aquino,https://www.alfaleiloes.com
Uesley da Silva Oliveira dos Santos,https://www.carrollruralleiloes.com.br
Rafael Galvani Ferreira,https://www.galvanileiloes.com.br
Livia Leilane de Oliveira Azevedo,https://www.livialeiloes.com.br
Milena Rosa Di Giacomo Adri,https://www.megaleiloes.com.br
Joao Luiz de Franca Neto,https://www.jocaleiloesagro.com.br
Mouzar Baston Filho,https://www.bastonleiloes.com.br
Rodolfo da Rosa Schontag,https://www.leiloeiropublico.com.br
Lucas Fernandes Almeida,https://www.leiloestocantins.com
Aluisio Francisco de Assis Cardoso Bringel,https://www.sancarleiloes.com.br
Elenice Lira Sales de Sousa,https://www.leiloesbrasil.com.br
Evando da Silva Lagares,https://www.tonoleilao.com.br
Mara Helena de Urzedo Fortunato,https://www.maraurzedoleilao.com.br
Joabe Balbino da Silva,https://www.globoleiloes.com.br
Rosimeire Alves de Oliveira Maia,https://rosioliveiraleiloes.com.br
Lucas Rafael Antunes Moreira,https://www.mgl.com.br
Jonas Gabriel Antunes Moreira,https://www.mgl.com.br
Fernando Caetano Moreira Filho,https://www.mgl.com.br
Erico Sobral Soares,https://www.ericosobral.com.br
Luiz Barbosa de Lima Junior,https://www.lbleiloes.com.br
Joselma Moraes Martins,
Lysia Moreira Silva,
Camilla Correia Vecchi Aguiar,https://www.vecchileiloes.com.br
Marciano Aguiar Carneiro,https://www.vecchileiloes.com.br
Sergio Fleury Batista,https://www.pmklog.com.br
Paulo Marcelo Silva Almeida,https://www.upleilao.com.br
