matricula,nome,situacao,data_matricula,cidade,site,email,telefone,uf,junta_comercial,fonte
21/06/1982,Artur Henrique Carstens,cancelado,21/06/1982,,,,,SC,JUCESC,https://leiloeiros.jucesc.sc.gov.br/site/index.php
15/07/1982,Célio De Souza,regular,15/07/1982,,,,,SC,JUCESC,https://leiloeiros.jucesc.sc.gov.br/site/index.php
24/01/1990,Ruy Walter Baldissera,regular,24/01/1990,,,,,SC,JUCESC,https://leiloeiros.jucesc.sc.gov.br/site/index.php
22/08/1996,Isolda Capelari,cancelado,22/08/1996,,,,,SC,JUCESC,https://leiloeiros.jucesc.sc.gov.br/site/index.php
17/11/1998,Paulo Pizzolatti Neto,regular,17/11/1998,,,,,SC,JUCESC,https://leiloeiros.jucesc.sc.gov.br/site/index.php
15/12/1999,Vicente Alves Pereira Neto,regular,15/12/1999,,,,,SC,JUCESC,https://leiloeiros.jucesc.sc.gov.br/site/index.php
15/12/1999,Paulo Mario Lopes Machado,regular,15/12/1999,,,,,SC,JUCESC,https://leiloeiros.jucesc.sc.gov.br/site/index.php
15/12/1999,Lúcio Ubialli,regular,15/12/1999,,,,,SC,JUCESC,https://leiloeiros.jucesc.sc.gov.br/site/index.php
15/12/1999,Roberto Marcondes De Azevedo,cancelado,15/12/1999,,,,,SC,JUCESC,https://leiloeiros.jucesc.sc.gov.br/site/index.php
13/06/2000,Paulo Roberto Pimental Porto,destituido,13/06/2000,,,,,SC,JUCESC,https://leiloeiros.jucesc.sc.gov.br/site/index.php
27/06/2000,Daniel Schneider Chaieb,cancelado,27/06/2000,,,,,SC,JUCESC,https://leiloeiros.jucesc.sc.gov.br/site/index.php
09/10/2000,Rogério Damiani,regular,09/10/2000,,,,,SC,JUCESC,https://leiloeiros.jucesc.sc.gov.br/site/index.php
13/12/2000,Ancila Maria Baldissera Paludo,cancelado,13/12/2000,,,,,SC,JUCESC,https://leiloeiros.jucesc.sc.gov.br/site/index.php
05/04/2001,Rodrigo Schmitz,regular,05/04/2001,,,,,SC,JUCESC,https://leiloeiros.jucesc.sc.gov.br/site/index.php
30/01/2002,Fabiane Tissiane Baldissera De Souza,regular,30/01/2002,,,,,SC,JUCESC,https://leiloeiros.jucesc.sc.gov.br/site/index.php
28/06/2002,Jorge Luiz Canella,regular,28/06/2002,,,,,SC,JUCESC,https://leiloeiros.jucesc.sc.gov.br/site/index.php
17/10/2002,Tarcísio Geraldo Meneghel Coutinho,regular,17/10/2002,,,,,SC,JUCESC,https://leiloeiros.jucesc.sc.gov.br/site/index.php
12/12/2002,Wendel Machado Garcia,regular,12/12/2002,,,,,SC,JUCESC,https://leiloeiros.jucesc.sc.gov.br/site/index.php
13/03/2003,Felipe Gonzaga Daux,regular,13/03/2003,,,,,SC,JUCESC,https://leiloeiros.jucesc.sc.gov.br/site/index.php
13/03/2003,Paulo Castelan Minatto,regular,13/03/2003,,,,,SC,JUCESC,https://leiloeiros.jucesc.sc.gov.br/site/index.php
20/07/2004,Luiza Belloti Moura Pigini,destituido,20/07/2004,,,,,SC,JUCESC,https://leiloeiros.jucesc.sc.gov.br/site/index.php
10/08/2004,Enéas Carrilho De Vasconcelos Neto,regular,10/08/2004,,,,,SC,JUCESC,https://leiloeiros.jucesc.sc.gov.br/site/index.php
19/08/2004,Jefferson Eduardo Zampieri,regular,19/08/2004,,,,,SC,JUCESC,https://leiloeiros.jucesc.sc.gov.br/site/index.php
19/08/2004,César Luis Moresco,regular,19/08/2004,,,,,SC,JUCESC,https://leiloeiros.jucesc.sc.gov.br/site/index.php
19/08/2004,Giovanni Silva Wersdoefer,regular,19/08/2004,,,,,SC,JUCESC,https://leiloeiros.jucesc.sc.gov.br/site/index.php
19/08/2004,Quênia De Luca Martins,regular,19/08/2004,,,,,SC,JUCESC,https://leiloeiros.jucesc.sc.gov.br/site/index.php
06/10/2004,Terezinha De Souza Ruzinski,destituido,06/10/2004,,,,,SC,JUCESC,https://leiloeiros.jucesc.sc.gov.br/site/index.php
06/10/2004,Avilson José Souza,cancelado,06/10/2004,,,,,SC,JUCESC,https://leiloeiros.jucesc.sc.gov.br/site/index.php
13/04/2005,Eduardo Schmitz,regular,13/04/2005,,,,,SC,JUCESC,https://leiloeiros.jucesc.sc.gov.br/site/index.php
13/04/2005,Daniela Felzke,regular,13/04/2005,,,,,SC,JUCESC,https://leiloeiros.jucesc.sc.gov.br/site/index.php
13/04/2005,Júlio Ramos Luz,regular,13/04/2005,,,,,SC,JUCESC,https://leiloeiros.jucesc.sc.gov.br/site/index.php
20/06/2005,Paulo Setsuo Nakakogue,cancelado,20/06/2005,,,,,SC,JUCESC,https://leiloeiros.jucesc.sc.gov.br/site/index.php
29/08/2006,Eduardo De Werk,regular,29/08/2006,,,,,SC,JUCESC,https://leiloeiros.jucesc.sc.gov.br/site/index.php
31/08/2007,Sônia Regina Nunes,destituido,31/08/2007,,,,,SC,JUCESC,https://leiloeiros.jucesc.sc.gov.br/site/index.php
21/01/2008,Daniella Bianchini Spuldaro,regular,21/01/2008,,,,,SC,JUCESC,https://leiloeiros.jucesc.sc.gov.br/site/index.php
26/02/2008,Adriane Regina Morais Loenert,regular,26/02/2008,,,,,SC,JUCESC,https://leiloeiros.jucesc.sc.gov.br/site/index.php
03/09/2008,Sandro Luis De Souza,regular,03/09/2008,,,,,SC,JUCESC,https://leiloeiros.jucesc.sc.gov.br/site/index.php
26/01/2009,João Lucas Silveira Santos,destituido,26/01/2009,,,,,SC,JUCESC,https://leiloeiros.jucesc.sc.gov.br/site/index.php
20/07/2009,Giovano Ávila Alves,regular,20/07/2009,,,,,SC,JUCESC,https://leiloeiros.jucesc.sc.gov.br/site/index.php
21/12/2009,Jorge Ferlin Dale Nogari Dos Santos,regular,21/12/2009,,,,,SC,JUCESC,https://leiloeiros.jucesc.sc.gov.br/site/index.php
19/02/2010,Eduardo Abreu Alves Barbosa,regular,19/02/2010,,,,,SC,JUCESC,https://leiloeiros.jucesc.sc.gov.br/site/index.php
26/03/2010,Rodolfo Da Rosa Schöntag,regular,26/03/2010,,,,,SC,JUCESC,https://leiloeiros.jucesc.sc.gov.br/site/index.php
30/03/2010,Jean Fernando Ribeiro Pavesi,regular,30/03/2010,,,,,SC,JUCESC,https://leiloeiros.jucesc.sc.gov.br/site/index.php
28/06/2010,Janine Ledoux Krobel Lorenz,regular,28/06/2010,,,,,SC,JUCESC,https://leiloeiros.jucesc.sc.gov.br/site/index.php
08/09/2010,Eduardo Luiz Costi,destituido,08/09/2010,,,,,SC,JUCESC,https://leiloeiros.jucesc.sc.gov.br/site/index.php
13/06/2011,Lhano Martins Xavier,destituido,13/06/2011,,,,,SC,JUCESC,https://leiloeiros.jucesc.sc.gov.br/site/index.php
26/06/2011,Valmir Antônio Claudino,destituido,26/06/2011,,,,,SC,JUCESC,https://leiloeiros.jucesc.sc.gov.br/site/index.php
26/07/2011,Simone Wenning,regular,26/07/2011,,,,,SC,JUCESC,https://leiloeiros.jucesc.sc.gov.br/site/index.php
27/02/2012,Gabriel Mazzolli Damiani,regular,27/02/2012,,,,,SC,JUCESC,https://leiloeiros.jucesc.sc.gov.br/site/index.php
19/03/2012,Ágata Cristi Minuzzi Dias Pimentel,destituido,19/03/2012,,,,,SC,JUCESC,https://leiloeiros.jucesc.sc.gov.br/site/index.php
22/06/2012,Alex Willian Hoppe,regular,22/06/2012,,,,,SC,JUCESC,https://leiloeiros.jucesc.sc.gov.br/site/index.php
25/06/2012,Adriano Domingues Jardim,destituido,25/06/2012,,,,,SC,JUCESC,https://leiloeiros.jucesc.sc.gov.br/site/index.php
01/08/2012,Taisa Raquel Pereira Carvalho,regular,01/08/2012,,,,,SC,JUCESC,https://leiloeiros.jucesc.sc.gov.br/site/index.php
24/01/2013,Luciano Tavares,destituido,24/01/2013,,,,,SC,JUCESC,https://leiloeiros.jucesc.sc.gov.br/site/index.php
01/03/2013,Tatiane Dos Santos Duarte,regular,01/03/2013,,,,,SC,JUCESC,https://leiloeiros.jucesc.sc.gov.br/site/index.php
03/04/2013,Alex Disarz,destituido,03/04/2013,,,,,SC,JUCESC,https://leiloeiros.jucesc.sc.gov.br/site/index.php
25/04/2013,Nelcir Aparecida Catafesta,regular,25/04/2013,,,,,SC,JUCESC,https://leiloeiros.jucesc.sc.gov.br/site/index.php
17/05/2013,Marco Antônio Ghisi Machado,regular,17/05/2013,,,,,SC,JUCESC,https://leiloeiros.jucesc.sc.gov.br/site/index.php
06/08/2013,Elizabete Ubialli,regular,06/08/2013,,,,,SC,JUCESC,https://leiloeiros.jucesc.sc.gov.br/site/index.php
21/10/2013,Daniel Elias Garcia,regular,21/10/2013,,,,,SC,JUCESC,https://leiloeiros.jucesc.sc.gov.br/site/index.php
21/10/2013,Luciana de França Fernandes,destituido,21/10/2013,,,,,SC,JUCESC,https://leiloeiros.jucesc.sc.gov.br/site/index.php
20/12/2013,Ulisses Donizete Ramos,regular,20/12/2013,,,,,SC,JUCESC,https://leiloeiros.jucesc.sc.gov.br/site/index.php
09/06/2014,Roni Mansur Rucco,destituido,09/06/2014,,,,,SC,JUCESC,https://leiloeiros.jucesc.sc.gov.br/site/index.php
09/06/2014,Rosa Lúcia Lopes Carstens,regular,09/06/2014,,,,,SC,JUCESC,https://leiloeiros.jucesc.sc.gov.br/site/index.php
14/07/2014,Anderson Luchtenberg,regular,14/07/2014,,,,,SC,JUCESC,https://leiloeiros.jucesc.sc.gov.br/site/index.php
14/07/2014,Rafaela Zibetti Dal Molin,destituido,14/07/2014,,,,,SC,JUCESC,https://leiloeiros.jucesc.sc.gov.br/site/index.php
15/09/2014,Giovana Norma Bolico Schmitz,cancelado,15/09/2014,,,,,SC,JUCESC,https://leiloeiros.jucesc.sc.gov.br/site/index.php
23/01/2015,Odiclesio Jaison Storchio,regular,23/01/2015,,,,,SC,JUCESC,https://leiloeiros.jucesc.sc.gov.br/site/index.php
30/01/2015,Andrey Davis Balduino,cancelado,30/01/2015,,,,,SC,JUCESC,https://leiloeiros.jucesc.sc.gov.br/site/index.php
26/03/2015,Guilherme Ribas Ibagy,destituido,26/03/2015,,,,,SC,JUCESC,https://leiloeiros.jucesc.sc.gov.br/site/index.php
14/04/2015,Marcos Alessandro Zampieri,regular,14/04/2015,,,,,SC,JUCESC,https://leiloeiros.jucesc.sc.gov.br/site/index.php
14/04/2015,Nelson Zampieri,cancelado,14/04/2015,,,,,SC,JUCESC,https://leiloeiros.jucesc.sc.gov.br/site/index.php
19/05/2015,Ricardo Bampi,regular,19/05/2015,,,,,SC,JUCESC,https://leiloeiros.jucesc.sc.gov.br/site/index.php
19/05/2015,Ricardo Loli Zanini,destituido,19/05/2015,,,,,SC,JUCESC,https://leiloeiros.jucesc.sc.gov.br/site/index.php
25/06/2015,Fábio Panceri Vieceli,destituido,25/06/2015,,,,,SC,JUCESC,https://leiloeiros.jucesc.sc.gov.br/site/index.php
14/07/2015,Maria Helena Zimmermann,destituido,14/07/2015,,,,,SC,JUCESC,https://leiloeiros.jucesc.sc.gov.br/site/index.php
14/07/2015,Eduardo Antônio Sausen,destituido,14/07/2015,,,,,SC,JUCESC,https://leiloeiros.jucesc.sc.gov.br/site/index.php
18/08/2015,Deyvit De Brito,destituido,18/08/2015,,,,,SC,JUCESC,https://leiloeiros.jucesc.sc.gov.br/site/index.php
17/09/2015,Diorgenes Valerio Jorge,regular,17/09/2015,,,,,SC,JUCESC,https://leiloeiros.jucesc.sc.gov.br/site/index.php
17/09/2015,Paulo Roberto Worm,cancelado,17/09/2015,,,,,SC,JUCESC,https://leiloeiros.jucesc.sc.gov.br/site/index.php
17/09/2015,Darlene Cagliari,destituido,17/09/2015,,,,,SC,JUCESC,https://leiloeiros.jucesc.sc.gov.br/site/index.php
12/11/2015,Marcus Rogério Araújo Samoel,regular,12/11/2015,,,,,SC,JUCESC,https://leiloeiros.jucesc.sc.gov.br/site/index.php
12/11/2015,Ademir Feuser,destituido,12/11/2015,,,,,SC,JUCESC,https://leiloeiros.jucesc.sc.gov.br/site/index.php
22/12/2015,Andreia Cristina Nunes,regular,22/12/2015,,,,,SC,JUCESC,https://leiloeiros.jucesc.sc.gov.br/site/index.php
02/03/2016,Roger Wenning,regular,02/03/2016,,,,,SC,JUCESC,https://leiloeiros.jucesc.sc.gov.br/site/index.php
02/03/2016,Agenor Luis Silveira,destituido,02/03/2016,,,,,SC,JUCESC,https://leiloeiros.jucesc.sc.gov.br/site/index.php
02/03/2016,Alex Jorge Moysés Júnior,suspenso,02/03/2016,,,,,SC,JUCESC,https://leiloeiros.jucesc.sc.gov.br/site/index.php
02/03/2016,Charles Betiato,destituido,02/03/2016,,,,,SC,JUCESC,https://leiloeiros.jucesc.sc.gov.br/site/index.php
11/04/2016,Adriana Mota Da Rosa Bunn,cancelado,11/04/2016,,,,,SC,JUCESC,https://leiloeiros.jucesc.sc.gov.br/site/index.php
11/04/2016,Rafael Alves Da Cruz,destituido,11/04/2016,,,,,SC,JUCESC,https://leiloeiros.jucesc.sc.gov.br/site/index.php
20/05/2016,Luiz Felipe Machado,destituido,20/05/2016,,,,,SC,JUCESC,https://leiloeiros.jucesc.sc.gov.br/site/index.php
29/07/2016,Rodrigo Vitório Macagnan,destituido,29/07/2016,,,,,SC,JUCESC,https://leiloeiros.jucesc.sc.gov.br/site/index.php
25/08/2016,Anselmo Da Silva Livramento Machado,destituido,25/08/2016,,,,,SC,JUCESC,https://leiloeiros.jucesc.sc.gov.br/site/index.php
04/10/2016,Soraia Custódio Da Luz,destituido,04/10/2016,,,,,SC,JUCESC,https://leiloeiros.jucesc.sc.gov.br/site/index.php
04/10/2016,Iara Macedo Della Giustina,cancelado,04/10/2016,,,,,SC,JUCESC,https://leiloeiros.jucesc.sc.gov.br/site/index.php
01/12/2016,Frida Cristian Pereira Becker,regular,01/12/2016,,,,,SC,JUCESC,https://leiloeiros.jucesc.sc.gov.br/site/index.php
13/12/2016,Vanderlei Petri,destituido,13/12/2016,,,,,SC,JUCESC,https://leiloeiros.jucesc.sc.gov.br/site/index.php
08/02/2017,Magnun Luiz Serpa,regular,08/02/2017,,,,,SC,JUCESC,https://leiloeiros.jucesc.sc.gov.br/site/index.php
14/02/2017,Diego Wolf De Oliveira,regular,14/02/2017,,,,,SC,JUCESC,https://leiloeiros.jucesc.sc.gov.br/site/index.php
10/04/2017,Michele Pacheco Da Rosa Sandor,regular,10/04/2017,,,,,SC,JUCESC,https://leiloeiros.jucesc.sc.gov.br/site/index.php
19/05/2017,Saionara Périco Góes,cancelado,19/05/2017,,,,,SC,JUCESC,https://leiloeiros.jucesc.sc.gov.br/site/index.php
28/06/2017,Anderson Douglas Gali Falleiros,regular,28/06/2017,,,,,SC,JUCESC,https://leiloeiros.jucesc.sc.gov.br/site/index.php
28/06/2017,Salmi Paladini Neto,destituido,28/06/2017,,,,,SC,JUCESC,https://leiloeiros.jucesc.sc.gov.br/site/index.php
28/06/2017,Roberto Carlos Antunes Da Costa,cancelado,28/06/2017,,,,,SC,JUCESC,https://leiloeiros.jucesc.sc.gov.br/site/index.php
17/07/2017,Carmen Lúcia Capela,destituido,17/07/2017,,,,,SC,JUCESC,https://leiloeiros.jucesc.sc.gov.br/site/index.php
18/09/2017,Marco Aurélio Périco Góes,suspenso,18/09/2017,,,,,SC,JUCESC,https://leiloeiros.jucesc.sc.gov.br/site/index.php
27/09/2017,Mair Raimundo Camargo Filho,destituido,27/09/2017,,,,,SC,JUCESC,https://leiloeiros.jucesc.sc.gov.br/site/index.php
27/09/2017,Fábio Marlon Machado,regular,27/09/2017,,,,,SC,JUCESC,https://leiloeiros.jucesc.sc.gov.br/site/index.php
24/10/2017,Renato Antônio Batista,regular,24/10/2017,,,,,SC,JUCESC,https://leiloeiros.jucesc.sc.gov.br/site/index.php
24/10/2017,Glauber Zabot,destituido,24/10/2017,,,,,SC,JUCESC,https://leiloeiros.jucesc.sc.gov.br/site/index.php
09/11/2017,Ely Da Luz Ramos,regular,09/11/2017,,,,,SC,JUCESC,https://leiloeiros.jucesc.sc.gov.br/site/index.php
14/12/2017,Elio Montagna Junior,cancelado,14/12/2017,,,,,SC,JUCESC,https://leiloeiros.jucesc.sc.gov.br/site/index.php
25/01/2018,Andréa Baldissera,regular,25/01/2018,,,,,SC,JUCESC,https://leiloeiros.jucesc.sc.gov.br/site/index.php
22/02/2018,Etla Weiss Da Costa,destituido,22/02/2018,,,,,SC,JUCESC,https://leiloeiros.jucesc.sc.gov.br/site/index.php
09/04/2018,Marcelo Drechsel,regular,09/04/2018,,,,,SC,JUCESC,https://leiloeiros.jucesc.sc.gov.br/site/index.php
30/04/2018,João Paulo Sampaio Damiani,regular,30/04/2018,,,,,SC,JUCESC,https://leiloeiros.jucesc.sc.gov.br/site/index.php
30/04/2018,Suelem Regina Bocasanta,regular,30/04/2018,,,,,SC,JUCESC,https://leiloeiros.jucesc.sc.gov.br/site/index.php
30/04/2018,Sandra Regina Kuehn,destituido,30/04/2018,,,,,SC,JUCESC,https://leiloeiros.jucesc.sc.gov.br/site/index.php
18/05/2018,Luan Ubialli,regular,18/05/2018,,,,,SC,JUCESC,https://leiloeiros.jucesc.sc.gov.br/site/index.php
18/05/2018,Elisabeth França Maltez,destituido,18/05/2018,,,,,SC,JUCESC,https://leiloeiros.jucesc.sc.gov.br/site/index.php
29/08/2018,João Vieira Farias,regular,29/08/2018,,,,,SC,JUCESC,https://leiloeiros.jucesc.sc.gov.br/site/index.php
23/10/2018,Raul Bergson De Oliveira,cancelado,23/10/2018,,,,,SC,JUCESC,https://leiloeiros.jucesc.sc.gov.br/site/index.php
04/04/2019,Guilherme Antônio Scarpari De Lucca,regular,04/04/2019,,,,,SC,JUCESC,https://leiloeiros.jucesc.sc.gov.br/site/index.php
24/05/2019,Guilherme E. Stutz Toporoski,regular,24/05/2019,,,,,SC,JUCESC,https://leiloeiros.jucesc.sc.gov.br/site/index.php
19/06/2019,Denise Deibler Magalhães,cancelado,19/06/2019,,,,,SC,JUCESC,https://leiloeiros.jucesc.sc.gov.br/site/index.php
02/07/2019,Auriannye Marques,regular,02/07/2019,,,,,SC,JUCESC,https://leiloeiros.jucesc.sc.gov.br/site/index.php
21/08/2019,Izabel De Castro,regular,21/08/2019,,,,,SC,JUCESC,https://leiloeiros.jucesc.sc.gov.br/site/index.php
01/10/2019,Rubens Henrique De Castro,regular,01/10/2019,,,,,SC,JUCESC,https://leiloeiros.jucesc.sc.gov.br/site/index.php
04/03/2020,Liliamar Fátima Parmeggiani Pestana Marques Gomes,regular,04/03/2020,,,,,SC,JUCESC,https://leiloeiros.jucesc.sc.gov.br/site/index.php
04/03/2020,Augusto Parmeggiani Pestana Marques Gomes,regular,04/03/2020,,,,,SC,JUCESC,https://leiloeiros.jucesc.sc.gov.br/site/index.php
17/03/2020,Claudio Cesar Gonçalves,destituido,17/03/2020,,,,,SC,JUCESC,https://leiloeiros.jucesc.sc.gov.br/site/index.php
17/03/2020,Luciana Nora,destituido,17/03/2020,,,,,SC,JUCESC,https://leiloeiros.jucesc.sc.gov.br/site/index.php
17/03/2020,Paulo Alexandre Heisler,regular,17/03/2020,,,,,SC,JUCESC,https://leiloeiros.jucesc.sc.gov.br/site/index.php
17/03/2020,Gustavo Cristiano Samuel Dos Reis,regular,17/03/2020,,,,,SC,JUCESC,https://leiloeiros.jucesc.sc.gov.br/site/index.php
05/06/2020,Aridina Maria Do Amaral,regular,05/06/2020,,,,,SC,JUCESC,https://leiloeiros.jucesc.sc.gov.br/site/index.php
31/08/2020,Jorge Vinicius De Moura Correa,regular,31/08/2020,,,,,SC,JUCESC,https://leiloeiros.jucesc.sc.gov.br/site/index.php
31/08/2020,Rafael Ceretta Alegranzzi,regular,31/08/2020,,,,,SC,JUCESC,https://leiloeiros.jucesc.sc.gov.br/site/index.php
31/08/2020,Edvar Vitor Soprano,regular,31/08/2020,,,,,SC,JUCESC,https://leiloeiros.jucesc.sc.gov.br/site/index.php
24/09/2020,Eloisa Auxiliadora Menegassi Correa,regular,24/09/2020,,,,,SC,JUCESC,https://leiloeiros.jucesc.sc.gov.br/site/index.php
14/10/2020,Maurício Guerra Alves,regular,14/10/2020,,,,,SC,JUCESC,https://leiloeiros.jucesc.sc.gov.br/site/index.php
14/10/2020,Giuliano Frassetto,destituido,14/10/2020,,,,,SC,JUCESC,https://leiloeiros.jucesc.sc.gov.br/site/index.php
16/10/2020,Norton Jochims Fernandes,regular,16/10/2020,,,,,SC,JUCESC,https://leiloeiros.jucesc.sc.gov.br/site/index.php
16/10/2020,Osmar Sergio Costa,regular,16/10/2020,,,,,SC,JUCESC,https://leiloeiros.jucesc.sc.gov.br/site/index.php
04/11/2020,Giancarlo Peterlongo Lorenzini Menegotto,regular,04/11/2020,,,,,SC,JUCESC,https://leiloeiros.jucesc.sc.gov.br/site/index.php
06/11/2020,Sarita Ana Giacomazzi Araujo,regular,06/11/2020,,,,,SC,JUCESC,https://leiloeiros.jucesc.sc.gov.br/site/index.php
06/11/2020,Varones Pasqual Drabach Filho,regular,06/11/2020,,,,,SC,JUCESC,https://leiloeiros.jucesc.sc.gov.br/site/index.php
26/01/2021,Rudival Almeida Gomes Junior,regular,26/01/2021,,,,,SC,JUCESC,https://leiloeiros.jucesc.sc.gov.br/site/index.php
16/02/2021,Rodrigo Sanson,regular,16/02/2021,,,,,SC,JUCESC,https://leiloeiros.jucesc.sc.gov.br/site/index.php
08/03/2021,José Valero Santos Junior,regular,08/03/2021,,,,,SC,JUCESC,https://leiloeiros.jucesc.sc.gov.br/site/index.php
31/03/2021,Jéfferson Tácio Furlanetto Miotti,regular,31/03/2021,,,,,SC,JUCESC,https://leiloeiros.jucesc.sc.gov.br/site/index.php
13/05/2021,Sabrina Da Silva Pereira Eckelberg,regular,13/05/2021,,,,,SC,JUCESC,https://leiloeiros.jucesc.sc.gov.br/site/index.php
13/05/2021,Marileia May,regular,13/05/2021,,,,,SC,JUCESC,https://leiloeiros.jucesc.sc.gov.br/site/index.php
31/05/2021,Davi Borges De Aquino,regular,31/05/2021,,,,,SC,JUCESC,https://leiloeiros.jucesc.sc.gov.br/site/index.php
05/07/2021,Cristiane Da Costa,regular,05/07/2021,,,,,SC,JUCESC,https://leiloeiros.jucesc.sc.gov.br/site/index.php
13/07/2021,Claudia Schiessl,regular,13/07/2021,,,,,SC,JUCESC,https://leiloeiros.jucesc.sc.gov.br/site/index.php
13/07/2021,Edwin Romel Maranon Michel,cancelado,13/07/2021,,,,,SC,JUCESC,https://leiloeiros.jucesc.sc.gov.br/site/index.php
20/07/2021,Rodrigo Amboni Farias,destituido,20/07/2021,,,,,SC,JUCESC,https://leiloeiros.jucesc.sc.gov.br/site/index.php
24/08/2021,Mouzar Baston Filho,regular,24/08/2021,,,,,SC,JUCESC,https://leiloeiros.jucesc.sc.gov.br/site/index.php
10/09/2021,Vanessa Priscila Brassiani,regular,10/09/2021,,,,,SC,JUCESC,https://leiloeiros.jucesc.sc.gov.br/site/index.php
20/09/2021,Ricardo Ferreira Gomes,regular,20/09/2021,,,,,SC,JUCESC,https://leiloeiros.jucesc.sc.gov.br/site/index.php
27/09/2021,Levy Dos Santos Moraes Filho,regular,27/09/2021,,,,,SC,JUCESC,https://leiloeiros.jucesc.sc.gov.br/site/index.php
07/10/2021,Luiz Balbino Da Silva Junior,regular,07/10/2021,,,,,SC,JUCESC,https://leiloeiros.jucesc.sc.gov.br/site/index.php
03/11/2021,Jose Ivanildo De Sousa Damasceno,destituido,03/11/2021,,,,,SC,JUCESC,https://leiloeiros.jucesc.sc.gov.br/site/index.php
06/12/2021,Josecelli Kildare Fraga Gomes,cancelado,06/12/2021,,,,,SC,JUCESC,https://leiloeiros.jucesc.sc.gov.br/site/index.php
15/12/2021,Marciano Mauro Pagliarini,regular,15/12/2021,,,,,SC,JUCESC,https://leiloeiros.jucesc.sc.gov.br/site/index.php
15/12/2021,Milton Santiago Sola Muniz,regular,15/12/2021,,,,,SC,JUCESC,https://leiloeiros.jucesc.sc.gov.br/site/index.php
15/12/2021,Fernando Rodrigues Benvenho,regular,15/12/2021,,,,,SC,JUCESC,https://leiloeiros.jucesc.sc.gov.br/site/index.php
05/01/2022,Gustavo Henrique Zanoni Pereira,regular,05/01/2022,,,,,SC,JUCESC,https://leiloeiros.jucesc.sc.gov.br/site/index.php
10/03/2022,Everton Dias Medeiros,regular,10/03/2022,,,,,SC,JUCESC,https://leiloeiros.jucesc.sc.gov.br/site/index.php
25/03/2022,Conceição Maria Fixer,regular,25/03/2022,,,,,SC,JUCESC,https://leiloeiros.jucesc.sc.gov.br/site/index.php
05/04/2022,Ricardo Andrei Mallmann,cancelado,05/04/2022,,,,,SC,JUCESC,https://leiloeiros.jucesc.sc.gov.br/site/index.php
25/04/2022,Anderson Lopes De Paula,regular,25/04/2022,,,,,SC,JUCESC,https://leiloeiros.jucesc.sc.gov.br/site/index.php
18/05/2022,Itamar Coraci Xavier De Liz,regular,18/05/2022,,,,,SC,JUCESC,https://leiloeiros.jucesc.sc.gov.br/site/index.php
12/07/2022,Soraya Nass Nart,regular,12/07/2022,,,,,SC,JUCESC,https://leiloeiros.jucesc.sc.gov.br/site/index.php
15/07/2022,Jorge Marco Aurélio Biavati,regular,15/07/2022,,,,,SC,JUCESC,https://leiloeiros.jucesc.sc.gov.br/site/index.php
20/07/2022,Ana Carolina Zaninetti Rosa,regular,20/07/2022,,,,,SC,JUCESC,https://leiloeiros.jucesc.sc.gov.br/site/index.php
08/09/2022,André Luiz Wuitschik,regular,08/09/2022,,,,,SC,JUCESC,https://leiloeiros.jucesc.sc.gov.br/site/index.php
10/11/2022,Daiane Fucks Pelentir,regular,10/11/2022,,,,,SC,JUCESC,https://leiloeiros.jucesc.sc.gov.br/site/index.php
10/11/2022,Jean Carlos Zappelini Becker,regular,10/11/2022,,,,,SC,JUCESC,https://leiloeiros.jucesc.sc.gov.br/site/index.php
23/11/2022,André Lucas Junkes,regular,23/11/2022,,,,,SC,JUCESC,https://leiloeiros.jucesc.sc.gov.br/site/index.php
06/12/2022,Luciano Resende Rodrigues,regular,06/12/2022,,,,,SC,JUCESC,https://leiloeiros.jucesc.sc.gov.br/site/index.php
18/01/2023,Débora Viale Prazeres Vilela Veiga,regular,18/01/2023,,,,,SC,JUCESC,https://leiloeiros.jucesc.sc.gov.br/site/index.php
25/01/2023,Cirlei Freitas Balbino Da Silva,regular,25/01/2023,,,,,SC,JUCESC,https://leiloeiros.jucesc.sc.gov.br/site/index.php
25/01/2023,Marcos Antonio Tulio,regular,25/01/2023,,,,,SC,JUCESC,https://leiloeiros.jucesc.sc.gov.br/site/index.php
08/02/2023,Felipe Emilio Beling,destituido,08/02/2023,,,,,SC,JUCESC,https://leiloeiros.jucesc.sc.gov.br/site/index.php
08/02/2023,Catiele Borges Leffa,regular,08/02/2023,,,,,SC,JUCESC,https://leiloeiros.jucesc.sc.gov.br/site/index.php
23/02/2023,Dionir Bianchi,regular,23/02/2023,,,,,SC,JUCESC,https://leiloeiros.jucesc.sc.gov.br/site/index.php
16/03/2023,Michelle Spironello,regular,16/03/2023,,,,,SC,JUCESC,https://leiloeiros.jucesc.sc.gov.br/site/index.php
25/05/2023,Patricia Pimentel Grocoski Costa,regular,25/05/2023,,,,,SC,JUCESC,https://leiloeiros.jucesc.sc.gov.br/site/index.php
13/07/2023,Neila Rosane Ribeiro Dos Santos,regular,13/07/2023,,,,,SC,JUCESC,https://leiloeiros.jucesc.sc.gov.br/site/index.php
13/07/2023,Thaís Cristina Kich,regular,13/07/2023,,,,,SC,JUCESC,https://leiloeiros.jucesc.sc.gov.br/site/index.php
19/07/2023,Luci Vera Primaz Dos Reis,regular,19/07/2023,,,,,SC,JUCESC,https://leiloeiros.jucesc.sc.gov.br/site/index.php
08/08/2023,Juliana Tais Benatti,destituido,08/08/2023,,,,,SC,JUCESC,https://leiloeiros.jucesc.sc.gov.br/site/index.php
08/08/2023,Lucas Andreatta De Oliveira,cancelado,08/08/2023,,,,,SC,JUCESC,https://leiloeiros.jucesc.sc.gov.br/site/index.php
15/08/2023,Thainá Lima,regular,15/08/2023,,,,,SC,JUCESC,https://leiloeiros.jucesc.sc.gov.br/site/index.php
15/08/2023,Viviane Aparecida Brassiani Engicht,regular,15/08/2023,,,,,SC,JUCESC,https://leiloeiros.jucesc.sc.gov.br/site/index.php
15/08/2023,Sued Peter Bastos Dyna,regular,15/08/2023,,,,,SC,JUCESC,https://leiloeiros.jucesc.sc.gov.br/site/index.php
28/08/2023,José Fernando De Quina,regular,28/08/2023,,,,,SC,JUCESC,https://leiloeiros.jucesc.sc.gov.br/site/index.php
28/08/2023,Rodolfo Macarini De Souza,regular,28/08/2023,,,,,SC,JUCESC,https://leiloeiros.jucesc.sc.gov.br/site/index.php
05/09/2023,Andrea Ferraz De Albuquerque,regular,05/09/2023,,,,,SC,JUCESC,https://leiloeiros.jucesc.sc.gov.br/site/index.php
12/09/2023,Vagner Ferreira De Oliveira,destituido,12/09/2023,,,,,SC,JUCESC,https://leiloeiros.jucesc.sc.gov.br/site/index.php
22/09/2023,Joacir Monzon Pouey,regular,22/09/2023,,,,,SC,JUCESC,https://leiloeiros.jucesc.sc.gov.br/site/index.php
06/10/2023,Ricardo Martins De Souza,regular,06/10/2023,,,,,SC,JUCESC,https://leiloeiros.jucesc.sc.gov.br/site/index.php
23/10/2023,Daniel Melo Cruz,regular,23/10/2023,,,,,SC,JUCESC,https://leiloeiros.jucesc.sc.gov.br/site/index.php
21/11/2023,Ligia Coneglian Carrilho De Vasconcelos,regular,21/11/2023,,,,,SC,JUCESC,https://leiloeiros.jucesc.sc.gov.br/site/index.php
21/11/2023,Luciano Marangoni,regular,21/11/2023,,,,,SC,JUCESC,https://leiloeiros.jucesc.sc.gov.br/site/index.php
05/12/2023,Fabiane Pacheco,cancelado,05/12/2023,,,,,SC,JUCESC,https://leiloeiros.jucesc.sc.gov.br/site/index.php
11/01/2024,Helcio Kronberg,regular,11/01/2024,,,,,SC,JUCESC,https://leiloeiros.jucesc.sc.gov.br/site/index.php
15/01/2024,Joyce Ribeiro,regular,15/01/2024,,,,,SC,JUCESC,https://leiloeiros.jucesc.sc.gov.br/site/index.php
15/01/2024,Adaiana Garcia,regular,15/01/2024,,,,,SC,JUCESC,https://leiloeiros.jucesc.sc.gov.br/site/index.php
06/02/2024,Renan Augusto Fernandes Guimarães,regular,06/02/2024,,,,,SC,JUCESC,https://leiloeiros.jucesc.sc.gov.br/site/index.php
06/02/2024,Monique Kristy Furtado,regular,06/02/2024,,,,,SC,JUCESC,https://leiloeiros.jucesc.sc.gov.br/site/index.php
06/02/2024,Lucas Bernardes Da Silva,regular,06/02/2024,,,,,SC,JUCESC,https://leiloeiros.jucesc.sc.gov.br/site/index.php
08/02/2024,Alvaro Marques Teixeira,regular,08/02/2024,,,,,SC,JUCESC,https://leiloeiros.jucesc.sc.gov.br/site/index.php
16/02/2024,Brian Galvão Frota,regular,16/02/2024,,,,,SC,JUCESC,https://leiloeiros.jucesc.sc.gov.br/site/index.php
23/02/2024,Vanessa Goelzer De Araújo Vargas E Pinto,regular,23/02/2024,,,,,SC,JUCESC,https://leiloeiros.jucesc.sc.gov.br/site/index.php
06/03/2024,Geraldo Von Zuccalmaglio,regular,06/03/2024,,,,,SC,JUCESC,https://leiloeiros.jucesc.sc.gov.br/site/index.php
01/04/2024,Dionei Scottini,regular,01/04/2024,,,,,SC,JUCESC,https://leiloeiros.jucesc.sc.gov.br/site/index.php
01/04/2024,Murilo Paes Lopes Lourenço,regular,01/04/2024,,,,,SC,JUCESC,https://leiloeiros.jucesc.sc.gov.br/site/index.php
01/04/2024,Kamila Biancart Candido,regular,01/04/2024,,,,,SC,JUCESC,https://leiloeiros.jucesc.sc.gov.br/site/index.php
01/04/2024,Priscila Francieli Weigsding Coelho,cancelado,01/04/2024,,,,,SC,JUCESC,https://leiloeiros.jucesc.sc.gov.br/site/index.php
01/04/2024,Tiago Lopes Alegranzzi,regular,01/04/2024,,,,,SC,JUCESC,https://leiloeiros.jucesc.sc.gov.br/site/index.php
03/04/2024,Valeria Rosane Almeida Ignacio,regular,03/04/2024,,,,,SC,JUCESC,https://leiloeiros.jucesc.sc.gov.br/site/index.php
03/04/2024,Diego Costa Muller,regular,03/04/2024,,,,,SC,JUCESC,https://leiloeiros.jucesc.sc.gov.br/site/index.php
03/04/2024,Elton Luiz Simon,regular,03/04/2024,,,,,SC,JUCESC,https://leiloeiros.jucesc.sc.gov.br/site/index.php
03/04/2024,Ivone Foresti Shehadeh,regular,03/04/2024,,,,,SC,JUCESC,https://leiloeiros.jucesc.sc.gov.br/site/index.php
15/04/2024,Cinthia Cassiane Sens,regular,15/04/2024,,,,,SC,JUCESC,https://leiloeiros.jucesc.sc.gov.br/site/index.php
22/04/2024,Erick Soares Teles,regular,22/04/2024,,,,,SC,JUCESC,https://leiloeiros.jucesc.sc.gov.br/site/index.php
14/05/2024,Marcus Vinicius Yoshimi Uebara,regular,14/05/2024,,,,,SC,JUCESC,https://leiloeiros.jucesc.sc.gov.br/site/index.php
19/06/2024,Renato Schlobach Moysés,regular,19/06/2024,,,,,SC,JUCESC,https://leiloeiros.jucesc.sc.gov.br/site/index.php
20/06/2024,Janderson Dias Garcia,regular,20/06/2024,,,,,SC,JUCESC,https://leiloeiros.jucesc.sc.gov.br/site/index.php
20/06/2024,Lucas Rafael Antunes Moreira,regular,20/06/2024,,,,,SC,JUCESC,https://leiloeiros.jucesc.sc.gov.br/site/index.php
20/06/2024,Alfio Carlos Affonso Zalli Neto,regular,20/06/2024,,,,,SC,JUCESC,https://leiloeiros.jucesc.sc.gov.br/site/index.php
23/07/2024,Viviane Teixeira Prates Hallal,regular,23/07/2024,,,,,SC,JUCESC,https://leiloeiros.jucesc.sc.gov.br/site/index.php
23/07/2024,Gustavo Moretto Guimarães De Oliveira,regular,23/07/2024,,,,,SC,JUCESC,https://leiloeiros.jucesc.sc.gov.br/site/index.php
23/07/2024,Francisco Hillesheim,regular,23/07/2024,,,,,SC,JUCESC,https://leiloeiros.jucesc.sc.gov.br/site/index.php
23/07/2024,Nathan Correa Alves,regular,23/07/2024,,,,,SC,JUCESC,https://leiloeiros.jucesc.sc.gov.br/site/index.php
30/07/2024,Érico Sobral Soares,regular,30/07/2024,,,,,SC,JUCESC,https://leiloeiros.jucesc.sc.gov.br/site/index.php
30/07/2024,Bernardo Bihr Lopes,regular,30/07/2024,,,,,SC,JUCESC,https://leiloeiros.jucesc.sc.gov.br/site/index.php
30/07/2024,José Sergio Della Giustina,regular,30/07/2024,,,,,SC,JUCESC,https://leiloeiros.jucesc.sc.gov.br/site/index.php
28/08/2024,Susan Andrielli Da Silva,regular,28/08/2024,,,,,SC,JUCESC,https://leiloeiros.jucesc.sc.gov.br/site/index.php
12/09/2024,Mário Lessa Freitas Filho,regular,12/09/2024,,,,,SC,JUCESC,https://leiloeiros.jucesc.sc.gov.br/site/index.php
23/09/2024,Cristiano Da Rosa Schontag,regular,23/09/2024,,,,,SC,JUCESC,https://leiloeiros.jucesc.sc.gov.br/site/index.php
30/09/2024,Jonas Gabriel Antunes Moreira,regular,30/09/2024,,,,,SC,JUCESC,https://leiloeiros.jucesc.sc.gov.br/site/index.php
30/09/2024,Fernando Caetano Moreira Filho,regular,30/09/2024,,,,,SC,JUCESC,https://leiloeiros.jucesc.sc.gov.br/site/index.php
30/09/2024,Luiz Barbosa De Lima Junior,regular,30/09/2024,,,,,SC,JUCESC,https://leiloeiros.jucesc.sc.gov.br/site/index.php
11/10/2024,Claudio Trombetta,regular,11/10/2024,,,,,SC,JUCESC,https://leiloeiros.jucesc.sc.gov.br/site/index.php
22/10/2024,Hélton José Oliveira Fernandes,cancelado,22/10/2024,,,,,SC,JUCESC,https://leiloeiros.jucesc.sc.gov.br/site/index.php
23/10/2024,Sérgio Augusto Dos Santos,regular,23/10/2024,,,,,SC,JUCESC,https://leiloeiros.jucesc.sc.gov.br/site/index.php
23/10/2024,Mirella Beatriz Scheidt,regular,23/10/2024,,,,,SC,JUCESC,https://leiloeiros.jucesc.sc.gov.br/site/index.php
03/12/2024,Dora Plat,regular,03/12/2024,,,,,SC,JUCESC,https://leiloeiros.jucesc.sc.gov.br/site/index.php
03/12/2024,Tatiana Sofka Antunes Ferreira,regular,03/12/2024,,,,,SC,JUCESC,https://leiloeiros.jucesc.sc.gov.br/site/index.php
11/12/2024,Priscilla Lopes Ribeiro Ferreira,regular,11/12/2024,,,,,SC,JUCESC,https://leiloeiros.jucesc.sc.gov.br/site/index.php
16/12/2024,Rodrigo Zago Szortyka,regular,16/12/2024,,,,,SC,JUCESC,https://leiloeiros.jucesc.sc.gov.br/site/index.php
18/12/2024,Guilherme Felipe Kubin Sardá,regular,18/12/2024,,,,,SC,JUCESC,https://leiloeiros.jucesc.sc.gov.br/site/index.php
11/02/2025,Maurício Gehm,regular,11/02/2025,,,,,SC,JUCESC,https://leiloeiros.jucesc.sc.gov.br/site/index.php
11/02/2025,Alexsandro Zatta,cancelado,11/02/2025,,,,,SC,JUCESC,https://leiloeiros.jucesc.sc.gov.br/site/index.php
25/02/2025,Andressa Rosa Obenaus,regular,25/02/2025,,,,,SC,JUCESC,https://leiloeiros.jucesc.sc.gov.br/site/index.php
25/02/2025,Juciane Hildebrando Dos Santos Pering,regular,25/02/2025,,,,,SC,JUCESC,https://leiloeiros.jucesc.sc.gov.br/site/index.php
25/02/2025,Guilherme Dantas De Aguiar Silva,regular,25/02/2025,,,,,SC,JUCESC,https://leiloeiros.jucesc.sc.gov.br/site/index.php
24/03/2025,Marcos Roberto Fracasso,regular,24/03/2025,,,,,SC,JUCESC,https://leiloeiros.jucesc.sc.gov.br/site/index.php
24/03/2025,Darlan Eduardo Moysés,regular,24/03/2025,,,,,SC,JUCESC,https://leiloeiros.jucesc.sc.gov.br/site/index.php
25/04/2025,Giovana Norma Bólico,regular,25/04/2025,,,,,SC,JUCESC,https://leiloeiros.jucesc.sc.gov.br/site/index.php
25/04/2025,Marinilce Viana Quadrado,regular,25/04/2025,,,,,SC,JUCESC,https://leiloeiros.jucesc.sc.gov.br/site/index.php
10/06/2025,Aline Maros,regular,10/06/2025,,,,,SC,JUCESC,https://leiloeiros.jucesc.sc.gov.br/site/index.php
18/06/2025,Conrado Augusto Carvalho De Magalhães,regular,18/06/2025,,,,,SC,JUCESC,https://leiloeiros.jucesc.sc.gov.br/site/index.php
22/07/2025,Emanuel Antonio Quaresma,regular,22/07/2025,,,,,SC,JUCESC,https://leiloeiros.jucesc.sc.gov.br/site/index.php
22/07/2025,Débora Regina Barz,regular,22/07/2025,,,,,SC,JUCESC,https://leiloeiros.jucesc.sc.gov.br/site/index.php
22/07/2025,Vivian Boldo Lopes Zibell,regular,22/07/2025,,,,,SC,JUCESC,https://leiloeiros.jucesc.sc.gov.br/site/index.php
22/07/2025,Fernando Miguel De Melo Mollmann,regular,22/07/2025,,,,,SC,JUCESC,https://leiloeiros.jucesc.sc.gov.br/site/index.php
05/08/2025,Rodrigo Gruber Bogo,regular,05/08/2025,,,,,SC,JUCESC,https://leiloeiros.jucesc.sc.gov.br/site/index.php
05/08/2025,Thais Silva Moreira De Sousa,regular,05/08/2025,,,,,SC,JUCESC,https://leiloeiros.jucesc.sc.gov.br/site/index.php
05/08/2025,Daniel Ribas Rosa Frahm,regular,05/08/2025,,,,,SC,JUCESC,https://leiloeiros.jucesc.sc.gov.br/site/index.php
19/08/2025,Euclides Maraschi Junior,regular,19/08/2025,,,,,SC,JUCESC,https://leiloeiros.jucesc.sc.gov.br/site/index.php
19/08/2025,Aurélia Maria Santos,regular,19/08/2025,,,,,SC,JUCESC,https://leiloeiros.jucesc.sc.gov.br/site/index.php
19/08/2025,Luciano De Bitencourt Goulart,regular,19/08/2025,,,,,SC,JUCESC,https://leiloeiros.jucesc.sc.gov.br/site/index.php
09/09/2025,Plinio Barroso De Castro Filho,regular,09/09/2025,,,,,SC,JUCESC,https://leiloeiros.jucesc.sc.gov.br/site/index.php
09/09/2025,Rodolfo Batista De Lima,regular,09/09/2025,,,,,SC,JUCESC,https://leiloeiros.jucesc.sc.gov.br/site/index.php
09/09/2025,Willian Cristi Levati De Aguiar,regular,09/09/2025,,,,,SC,JUCESC,https://leiloeiros.jucesc.sc.gov.br/site/index.php
16/09/2025,Regiane Soares Dos Santos Sabatini,regular,16/09/2025,,,,,SC,JUCESC,https://leiloeiros.jucesc.sc.gov.br/site/index.php
13/10/2025,Jaime Do Nascimento Maximiano Junior,regular,13/10/2025,,,,,SC,JUCESC,https://leiloeiros.jucesc.sc.gov.br/site/index.php
20/10/2025,Lígia Dias,regular,20/10/2025,,,,,SC,JUCESC,https://leiloeiros.jucesc.sc.gov.br/site/index.php
22/10/2025,Alex Sandro Vieira Felix,regular,22/10/2025,,,,,SC,JUCESC,https://leiloeiros.jucesc.sc.gov.br/site/index.php
22/10/2025,Juliana De Almeida Kurtz Schöntag,regular,22/10/2025,,,,,SC,JUCESC,https://leiloeiros.jucesc.sc.gov.br/site/index.php
28/10/2025,Odilson Fumagalli Avila,regular,28/10/2025,,,,,SC,JUCESC,https://leiloeiros.jucesc.sc.gov.br/site/index.php
28/10/2025,Elisa Brunken Da Silva,regular,28/10/2025,,,,,SC,JUCESC,https://leiloeiros.jucesc.sc.gov.br/site/index.php
08/12/2025,Amanda Priscila Pena Crepaldi,regular,08/12/2025,,,,,SC,JUCESC,https://leiloeiros.jucesc.sc.gov.br/site/index.php
08/12/2025,Alfeu Luiz  Brizolla,regular,08/12/2025,,,,,SC,JUCESC,https://leiloeiros.jucesc.sc.gov.br/site/index.php
09/12/2025,Emanuel Da Silva Gomes,regular,09/12/2025,,,,,SC,JUCESC,https://leiloeiros.jucesc.sc.gov.br/site/index.php
18/12/2025,Camila Padilha Presotto,regular,18/12/2025,,,,,SC,JUCESC,https://leiloeiros.jucesc.sc.gov.br/site/index.php
18/12/2025,Douglas Thainan Santin,regular,18/12/2025,,,,,SC,JUCESC,https://leiloeiros.jucesc.sc.gov.br/site/index.php
03/02/2026,Glauber Roberto Schmit,regular,03/02/2026,,,,,SC,JUCESC,https://leiloeiros.jucesc.sc.gov.br/site/index.php
03/02/2026,Tamara Kisner Roque,regular,03/02/2026,,,,,SC,JUCESC,https://leiloeiros.jucesc.sc.gov.br/site/index.php
03/03/2026,Juliana Pereira,regular,03/03/2026,,,,,SC,JUCESC,https://leiloeiros.jucesc.sc.gov.br/site/index.php
19/03/2026,Paulo Roberto Abujanra,regular,19/03/2026,,,,,SC,JUCESC,https://leiloeiros.jucesc.sc.gov.br/site/index.php
08/04/2026,Marcelo Marinho De Camargo,regular,08/04/2026,,,,,SC,JUCESC,https://leiloeiros.jucesc.sc.gov.br/site/index.php
